Hotel Name,Location,Country,Q1. Location and accessibility was as expected.,Q2. Quality of service was as expectation.,Q3. Room comfort and cleanliness was suitable.,Q4. Facilities and amenities was proper. ,Q5. Food and beverage options was as expectation.,Q6. Staff Behavior and management was good.  ,Q7. Safety and security was as per norms of the hospitality. ,Q8. Fitness center facility was as expected. ,Q9. Foreign Language Knowledge Staff facility availability.,Q10. Transport facility was as expectation.  ,Q11. Internet and Wi-Fi facility was good. ,Q12. All the entertainment facilities was good. ,Q13. Value for money saved as compare to other. ,Q14. You will recommend this hotel facility to your friends.  
Hotel orbit chandigarh ,Chandigarh ,India ,Strongly Agree,Strongly Agree,Agree,Neutral,Disagree,Strongly Disagree,Agree,Strongly agree,Neutral,Strongly Disagree,Disagree,Strongly agree,Strongly agree,Strongly agree
hotel Uppal Delhi ,Delhi,India ,Strongly Agree,Strongly Agree,Strongly Agree,Agree,Neutral,Agree,Strongly agree,Disagree,Strongly Disagree,Strongly agree,Agree,Strongly agree,Agree,Strongly agree
Sunrise,Jhansi,India,Agree,Agree,Strongly Agree,Agree,Agree,Strongly agree,Agree,Neutral,Neutral,Agree,Neutral,Agree,Agree,Agree
Super Townhouse,Gurgaon,India,Strongly Agree,Neutral,Agree,Neutral,Agree,Disagree,Agree,Neutral,Disagree,Agree,Strongly agree,Strongly agree,Agree,Agree
Lemon Tree Hotel ,Dehradun,India,Agree,Agree,Agree,Agree,Neutral,Neutral,Neutral,Neutral,Neutral,Agree,Agree,Agree,Agree,Agree
Hyatt Regency ,Dehradun ,India,Strongly Agree,Agree,Strongly Agree,Strongly Agree,Agree,Agree,Agree,Strongly agree,Strongly agree,Agree,Strongly agree,Strongly agree,Agree,Agree
Dr A.P.J ABDUL KALAM BOYS HOSTEL (G-BLOCK),Uttaranchal University ,India ,Neutral,Disagree,Neutral,Agree,Agree,Agree,Agree,Agree,Strongly Disagree,Neutral,Strongly agree,Agree,Agree,Agree
Zone hotel ,Jammu Kashmir ,India ,Strongly Agree,Agree,Agree,Agree,Strongly Agree,Strongly agree,Strongly agree,Agree,Agree,Agree,Neutral,Agree,Strongly Disagree,Neutral
Kr plaza ,Saharanpur ,India ,Agree,Strongly Agree,Strongly agree,Neutral,Neutral,Strongly agree,Agree,Agree,Neutral,Neutral,Agree,Agree,Neutral,Neutral
Hotel Manali mahal ,Manali ,India ,Strongly Agree,Agree,Strongly Agree,Strongly Agree,Agree,Agree,Neutral,Strongly agree,Agree,Strongly Disagree,Disagree,Strongly agree,Strongly agree,Strongly agree
Mercure hotel,Near Eiffel Tower,Paris,Agree,Strongly Agree,Strongly Agree,Strongly Agree,Strongly Agree,Strongly agree,Strongly agree,Strongly agree,Agree,Agree,Strongly agree,Strongly agree,Agree,Strongly agree
Rajmahal ,Saharanpur ,India,Strongly Agree,Strongly Agree,Strongly Agree,Strongly Agree,Strongly Agree,Strongly agree,Strongly agree,Strongly agree,Strongly agree,Strongly agree,Strongly agree,Strongly agree,Strongly agree,Strongly agree
"Canal Road, Boys Hostel","Canal Road, Dehradun, Uttarakhand ",India,Agree,Neutral,Agree,Neutral,Disagree,Neutral,Neutral,Strongly Disagree,Neutral,Neutral,Disagree,Disagree,Disagree,Neutral
Hotel all session ,Roorkee,India ,Strongly Agree,Strongly Agree,Neutral,Strongly Agree,Strongly Agree,Agree,Strongly agree,Agree,Agree,Strongly agree,Strongly agree,Strongly agree,Strongly agree,Strongly agree
Sarovar portico ,Haridwar,India,Agree,Agree,Strongly Agree,Agree,Agree,Agree,Agree,Agree,Agree,Agree,Strongly agree,Strongly agree,Neutral,Agree
Hayat,Mussoorie ,India,Agree,Strongly Agree,Strongly Agree,Strongly Agree,Agree,Strongly agree,Agree,Agree,Neutral,Neutral,Agree,Neutral,Neutral,Agree
Clarion,"Premnagar, Dehradun",India,Strongly Agree,Agree,Neutral,Agree,Neutral,Disagree,Strongly Disagree,Disagree,Strongly Disagree,Disagree,Neutral,Neutral,Agree,Agree
L p vilas dehradun ,Dehradun ,India ,Strongly Agree,Strongly Agree,Neutral,Agree,Strongly Disagree,Strongly agree,Strongly agree,Strongly agree,Strongly agree,Agree,Strongly agree,Strongly agree,Disagree,Strongly agree
L P Villas,Dehradun,India,Strongly Agree,Agree,Strongly Agree,Agree,Agree,Strongly agree,Agree,Strongly agree,Agree,Strongly agree,Strongly agree,Strongly agree,Agree,Strongly agree
LP vilas dehradun ,Dehradun ,India ,Agree,Agree,Neutral,Strongly Agree,Strongly Agree,Agree,Agree,Agree,Neutral,Agree,Agree,Agree,Agree,Agree
Inderlok ,Dehradun ,India,Agree,Neutral,Strongly Agree,Agree,Neutral,Agree,Agree,Neutral,Agree,Strongly agree,Neutral,Agree,Neutral,Agree
The Rio ,Haridwar,India,Strongly Agree,Agree,Agree,Neutral,Agree,Strongly agree,Agree,Neutral,Neutral,Neutral,Agree,Agree,Neutral,Agree
LP vilash Dehradun,Dehradun,India ,Strongly Agree,Strongly Agree,Strongly Agree,Strongly Agree,Strongly Agree,Strongly agree,Strongly agree,Strongly agree,Strongly agree,Strongly agree,Strongly agree,Agree,Strongly agree,Strongly agree
Sarovar portico ,Dehradun ,India,Strongly Agree,Strongly Agree,Agree,Agree,Agree,Agree,Agree,Disagree,Neutral,Neutral,Agree,Agree,Agree,Strongly agree
Lords Inn Vadodara ,Vadodara,India,Agree,Agree,Agree,Agree,Agree,Agree,Neutral,Neutral,Neutral,Neutral,Agree,Agree,Neutral,Agree
Ramada,Kishan Nagar,India,Agree,Neutral,Agree,Agree,Agree,Agree,Neutral,Neutral,Neutral,Agree,Agree,Neutral,Neutral,Disagree
Anada Hotel ,Narendra Nagar Tehri Garhwal,India,Strongly Agree,Strongly Agree,Strongly Agree,Strongly Agree,Strongly Agree,Strongly agree,Strongly agree,Strongly agree,Strongly agree,Agree,Strongly agree,Strongly agree,Strongly agree,Strongly agree
Aura River Resort,"Shiv puri, Rishikesh, Tehri Garhwal",India,Strongly Agree,Strongly Agree,Strongly Agree,Strongly Agree,Strongly Agree,Strongly agree,Strongly agree,Strongly agree,Strongly agree,Strongly agree,Strongly agree,Strongly agree,Strongly agree,Strongly agree
Junyaali Resort,"Dwara, Maldevta, Dehradun",India,Neutral,Strongly Agree,Strongly Agree,Strongly Agree,Strongly Agree,Strongly agree,Strongly agree,Strongly agree,Strongly agree,Neutral,Agree,Strongly agree,Strongly agree,Strongly agree
Shorea Robusta,Thano Road Dehradun,India,Strongly Agree,Strongly Agree,Strongly Agree,Strongly Agree,Strongly Agree,Strongly agree,Strongly agree,Strongly agree,Strongly agree,Neutral,Agree,Strongly agree,Agree,Strongly agree
Shiv Hotel ,Muzaffarnagar ,India,Strongly Agree,Neutral,Neutral,Neutral,Agree,Strongly agree,Agree,Neutral,Disagree,Agree,Disagree,Neutral,Neutral,Agree
Sardar Patel Boys Hostel Block C,Near Basketball court ,India ,Strongly Agree,Strongly Agree,Strongly Agree,Agree,Strongly Agree,Strongly agree,Strongly agree,Strongly agree,Strongly agree,Strongly agree,Strongly Disagree,Agree,Neutral,Strongly Disagree
Le Meridien ,Kochi ,India,Strongly Agree,Agree,Strongly Agree,Strongly Agree,Agree,Agree,Strongly agree,Agree,Agree,Neutral,Neutral,Agree,Agree,Strongly agree
Lp vilas dehradun ,Dehradun ,India,Agree,Neutral,Disagree,Strongly Disagree,Agree,Agree,Strongly Disagree,Agree,Agree,Neutral,Agree,Disagree,Disagree,Strongly Disagree
Lp vilas dehradun ,Dehradun ,India ,Neutral,Strongly Disagree,Strongly Agree,Strongly Disagree,Agree,Disagree,Strongly agree,Neutral,Strongly Disagree,Neutral,Strongly agree,Agree,Neutral,Strongly Disagree
Lp Vilas dehradun ,Haridwar ,Indian ,Strongly Agree,Agree,Strongly Agree,Strongly Agree,Agree,Strongly agree,Agree,Agree,Agree,Agree,Agree,Agree,Agree,Strongly agree
Lp vilas Dehradun,Dehradun,India ,Agree,Strongly Agree,Agree,Agree,Agree,Agree,Agree,Agree,Neutral,Agree,Strongly agree,Agree,Agree,Agree
-------------,---------------,India,Strongly Agree,Agree,Agree,Strongly Agree,Strongly Agree,Strongly agree,Strongly agree,Strongly agree,Strongly agree,Strongly agree,Strongly agree,Agree,Strongly agree,Strongly agree
LP vilas dehradun ,Dehradun ,India ,Agree,Agree,Strongly Agree,Agree,Agree,Neutral,Neutral,Agree,Neutral,Strongly agree,Strongly agree,Agree,Agree,Agree
Vila hotel dehradun ,Dehradun ,India,Agree,Agree,Strongly Agree,Strongly Agree,Strongly Agree,Strongly agree,Strongly agree,Strongly agree,Strongly agree,Strongly agree,Agree,Agree,Agree,Agree
Hyatt,Delhi ,India,Strongly Agree,Strongly Agree,Strongly Agree,Strongly Agree,Strongly Agree,Strongly agree,Strongly agree,Strongly agree,Strongly agree,Strongly agree,Strongly agree,Strongly agree,Strongly agree,Strongly agree
Lp Vilas dehradun d,dehradun,Indian ,Strongly Agree,Strongly Agree,Strongly Agree,Strongly Agree,Strongly Agree,Strongly agree,Strongly agree,Strongly agree,Strongly agree,Strongly agree,Strongly agree,Strongly agree,Strongly agree,Strongly agree
N p Vilas dehradun ,Dehradun ,India,Strongly Agree,Agree,Agree,Strongly Agree,Agree,Strongly agree,Agree,Strongly agree,Strongly agree,Neutral,Neutral,Strongly agree,Agree,Agree
L P Vilas Dehradun ,Dehradun ,India,Strongly Agree,Strongly Agree,Strongly Agree,Strongly Agree,Strongly Agree,Strongly agree,Strongly agree,Strongly agree,Strongly agree,Strongly agree,Strongly agree,Strongly agree,Strongly agree,Strongly agree
Elite hotel,Dehradun,India,Strongly Agree,Neutral,Agree,Agree,Neutral,Agree,Disagree,Strongly Disagree,Strongly Disagree,Strongly Disagree,Strongly Disagree,Disagree,Disagree,Neutral
L P VILAS dehradun ,Dehradun ,India ,Disagree,Disagree,Disagree,Agree,Agree,Agree,Strongly agree,Strongly agree,Strongly Disagree,Strongly Disagree,Strongly Disagree,Strongly Disagree,Strongly Disagree,Neutral
L P Vilas Dehradun ,Dehradun ,India,Strongly Agree,Strongly Agree,Strongly Agree,Strongly Agree,Strongly Agree,Agree,Agree,Strongly agree,Agree,Strongly agree,Agree,Strongly agree,Agree,Strongly agree
LP Vilas Dehradun ,Dehradun ,India,Strongly Agree,Strongly Agree,Strongly Agree,Strongly Agree,Strongly Agree,Strongly agree,Strongly agree,Strongly agree,Strongly agree,Neutral,Strongly agree,Disagree,Agree,Neutral
L P Vilas Dehradun ,Dehradun ,India ,Strongly Agree,Strongly Agree,Strongly Agree,Strongly Agree,Strongly Agree,Agree,Strongly agree,Strongly agree,Agree,Strongly agree,Agree,Strongly agree,Agree,Strongly agree
l P Vilas dehradun ,Dehradun ,India,Strongly Agree,Strongly Agree,Strongly Agree,Strongly Agree,Agree,Agree,Neutral,Agree,Disagree,Agree,Agree,Agree,Agree,Strongly agree
L P Vilas Dehradun ,Dehradun ,India ,Agree,Neutral,Strongly Agree,Disagree,Strongly Agree,Neutral,Disagree,Strongly agree,Strongly Disagree,Disagree,Strongly agree,Neutral,Disagree,Agree
Hotel Starwood,"Tyagi road prince chowk,dehradun",India,Agree,Strongly Agree,Strongly Agree,Agree,Neutral,Agree,Strongly agree,Disagree,Neutral,Neutral,Agree,Neutral,Agree,Agree
LP VILAS ,DEHRADUN ,INDIA ,Agree,Agree,Agree,Agree,Agree,Strongly agree,Agree,Strongly agree,Strongly agree,Agree,Agree,Agree,Agree,Strongly agree
L P Vilas Dehradun ,Dehradun ,India,Strongly Agree,Strongly Agree,Agree,Strongly Agree,Agree,Neutral,Strongly agree,Neutral,Neutral,Strongly agree,Strongly agree,Agree,Strongly agree,Strongly agree
LP Vilas Dehradun,Dehradun,India,Agree,Agree,Strongly Agree,Strongly Agree,Agree,Strongly agree,Agree,Agree,Strongly agree,Strongly agree,Strongly agree,Agree,Agree,Strongly agree
L P Vilas Dehradun,Dehradun,India,Strongly Disagree,Strongly Disagree,Strongly Disagree,Strongly Disagree,Strongly Disagree,Strongly Disagree,Strongly Disagree,Strongly Disagree,Strongly Disagree,Strongly Disagree,Strongly Disagree,Strongly Disagree,Strongly Disagree,Strongly Disagree
LP Vilas Dehardun,Dehradun,India,Strongly Agree,Agree,Disagree,Neutral,Neutral,Neutral,Neutral,Neutral,Neutral,Neutral,Neutral,Neutral,Neutral,Neutral
L P Vilas Dehradun ,Dehradun ,India,Strongly Agree,Agree,Neutral,Disagree,Strongly Disagree,Strongly agree,Agree,Neutral,Disagree,Strongly Disagree,Strongly agree,Agree,Neutral,Disagree
LP villas,Dehradun ,India,Agree,Agree,Agree,Agree,Agree,Agree,Strongly agree,Strongly agree,Strongly agree,Strongly agree,Strongly agree,Strongly agree,Strongly agree,Strongly agree
L.P Vilas Dehradun ,Dehradun ,India,Strongly Disagree,Strongly Disagree,Strongly Disagree,Strongly Disagree,Strongly Disagree,Strongly Disagree,Strongly Disagree,Strongly Disagree,Strongly Disagree,Strongly Disagree,Disagree,Disagree,Neutral,Disagree
L P Vilas Dehradun,Dehradun ,India,Neutral,Neutral,Neutral,Neutral,Neutral,Neutral,Neutral,Neutral,Neutral,Neutral,Neutral,Neutral,Neutral,Neutral
LP vilas Dehradun ,Dehradun,India,Strongly Agree,Strongly Agree,Agree,Agree,Agree,Strongly agree,Strongly agree,Strongly agree,Strongly agree,Strongly agree,Strongly agree,Strongly agree,Strongly agree,Agree
L P VILASH DEHRADUN ,Dehradun ,India,Strongly Agree,Agree,Neutral,Strongly Agree,Agree,Neutral,Agree,Strongly agree,Agree,Neutral,Agree,Agree,Agree,Strongly agree
L P Vilas Dehradun ,Dehradun ,India ,Agree,Agree,Agree,Strongly Agree,Strongly Agree,Agree,Agree,Neutral,Neutral,Neutral,Neutral,Neutral,Neutral,Agree
L P Vilas Dehradun ,Dehradun ,India,Agree,Agree,Neutral,Strongly Agree,Disagree,Strongly Disagree,Agree,Disagree,Strongly agree,Neutral,Agree,Neutral,Agree,Agree
Lp villas dehradun ,Dehradun ,India,Strongly Agree,Strongly Agree,Neutral,Strongly Agree,Strongly Agree,Agree,Neutral,Neutral,Disagree,Disagree,Neutral,Agree,Neutral,Agree
L P Vilas Dehradun ,Dehradun ,India,Agree,Neutral,Strongly Agree,Neutral,Strongly Agree,Agree,Agree,Neutral,Neutral,Agree,Agree,Strongly agree,Neutral,Agree
L P VILAS DEHRADUN ,Dehradun ,India,Agree,Agree,Agree,Agree,Agree,Neutral,Agree,Agree,Agree,Agree,Agree,Agree,Agree,Agree
L P Villas Dehradun,Dehradun,India,Strongly Agree,Strongly Agree,Strongly Agree,Strongly Agree,Strongly Agree,Strongly agree,Strongly agree,Agree,Strongly agree,Strongly agree,Strongly agree,Agree,Strongly agree,Strongly agree
LP Vilas Dehradun,Dehradun,India,Agree,Neutral,Agree,Agree,Strongly Agree,Agree,Strongly agree,Neutral,Agree,Neutral,Agree,Neutral,Neutral,Neutral
L P Vilas Dehradun,Dehradun,India,Neutral,Disagree,Strongly Disagree,Disagree,Strongly Disagree,Strongly Disagree,Strongly Disagree,Agree,Neutral,Disagree,Disagree,Disagree,Neutral,Disagree
L P Vilas dehradun ,Dehradun ,India,Strongly Agree,Strongly Agree,Strongly Agree,Strongly Agree,Strongly Agree,Strongly agree,Strongly agree,Strongly agree,Strongly agree,Strongly agree,Strongly agree,Strongly agree,Strongly agree,Strongly agree
L P Vilas Dehradun ,Dehradun ,India,Agree,Agree,Disagree,Neutral,Neutral,Neutral,Neutral,Neutral,Neutral,Neutral,Neutral,Neutral,Neutral,Neutral
L P Vilas Dehradun ,Dehradun ,India,Neutral,Neutral,Neutral,Neutral,Neutral,Neutral,Neutral,Neutral,Neutral,Neutral,Neutral,Neutral,Neutral,Neutral
L P Vilas Dehradun ,Dehradun ,India ,Strongly Disagree,Strongly Disagree,Strongly Disagree,Strongly Disagree,Strongly Disagree,Strongly Disagree,Strongly Disagree,Strongly agree,Strongly agree,Strongly agree,Neutral,Agree,Agree,Agree
L P Vilas Dehradun,Dehradun ,India,Neutral,Neutral,Neutral,Neutral,Neutral,Neutral,Neutral,Neutral,Neutral,Neutral,Neutral,Neutral,Neutral,Neutral
L P Vilas Dehradun ,Dehradun ,India,Agree,Strongly Agree,Agree,Disagree,Disagree,Agree,Agree,Strongly Disagree,Agree,Strongly agree,Strongly agree,Agree,Agree,Agree
LP Villas ,Dehradun,India,Agree,Agree,Strongly Agree,Strongly Agree,Strongly Agree,Agree,Agree,Neutral,Neutral,Neutral,Neutral,Agree,Neutral,Neutral
L.P VILAS DEHRADUN ,Dehradun ,India ,Agree,Agree,Agree,Agree,Agree,Agree,Neutral,Agree,Neutral,Agree,Agree,Agree,Agree,Agree
L P Vilas Dehradun ,Dehradun ,India,Neutral,Agree,Agree,Neutral,Neutral,Neutral,Agree,Disagree,Neutral,Agree,Neutral,Neutral,Agree,Strongly agree
Lp viles dehradun,Dehradun,India ,Neutral,Neutral,Strongly Agree,Agree,Agree,Strongly agree,Strongly agree,Neutral,Neutral,Strongly agree,Strongly agree,Strongly agree,Strongly agree,Strongly Disagree
L P Vilas Dehradun ,Dehradun ,India,Neutral,Neutral,Neutral,Neutral,Disagree,Neutral,Neutral,Disagree,Disagree,Neutral,Agree,Neutral,Neutral,Neutral
Lp vilas dehradun,Premnagar,India,Strongly Disagree,Strongly Disagree,Strongly Disagree,Strongly Disagree,Strongly Disagree,Strongly Disagree,Strongly Disagree,Strongly Disagree,Strongly Disagree,Strongly Disagree,Strongly Disagree,Strongly Disagree,Strongly Disagree,Strongly Disagree
L P Vilas Dehradun ,Dehradun ,India,Neutral,Neutral,Neutral,Neutral,Disagree,Neutral,Neutral,Strongly Disagree,Neutral,Neutral,Agree,Neutral,Neutral,Neutral
LP Vilas Dehradun ,Dehradun ,India,Neutral,Agree,Agree,Agree,Agree,Agree,Agree,Agree,Agree,Agree,Agree,Agree,Agree,Agree
L P Vilas Dehradun,Dehradun ,India,Agree,Agree,Neutral,Strongly Agree,Strongly Agree,Strongly agree,Neutral,Strongly agree,Strongly agree,Strongly agree,Agree,Agree,Agree,Agree
LP vilas Dehradun,Dehradun,India,Strongly Agree,Strongly Agree,Strongly Agree,Strongly Agree,Strongly Agree,Strongly agree,Strongly agree,Strongly agree,Strongly agree,Strongly agree,Strongly agree,Strongly agree,Strongly agree,Strongly agree
L P VILAS dehradun,Dehradun ,India,Strongly Disagree,Strongly Disagree,Strongly Disagree,Strongly Disagree,Strongly Disagree,Strongly Disagree,Strongly Disagree,Strongly Disagree,Strongly Disagree,Strongly Disagree,Strongly Disagree,Strongly Disagree,Strongly Disagree,Strongly Disagree
L P Vila’s Dehradun ,Dehradun,India,Strongly Agree,Strongly Agree,Strongly Agree,Strongly Agree,Strongly Agree,Strongly agree,Strongly agree,Strongly agree,Strongly agree,Strongly agree,Strongly agree,Strongly agree,Strongly agree,Strongly agree
L P Vilas Dehradun ,Dehradun ,India,Strongly Agree,Agree,Agree,Strongly Agree,Neutral,Neutral,Strongly agree,Neutral,Strongly agree,Strongly agree,Strongly agree,Agree,Agree,Agree
L P Vilas Dehradun,Dehradun,India,Neutral,Neutral,Neutral,Neutral,Neutral,Neutral,Neutral,Neutral,Neutral,Neutral,Neutral,Neutral,Neutral,Neutral
L P Vilas dehradun ,Dehradun ,India,Strongly Agree,Strongly Agree,Strongly Agree,Strongly Agree,Strongly Agree,Strongly agree,Strongly agree,Strongly agree,Strongly agree,Strongly agree,Strongly agree,Strongly agree,Strongly agree,Strongly agree
L P Vilas Dehradun ,Dehradun ,India,Agree,Strongly Agree,Strongly Agree,Strongly Agree,Strongly Agree,Strongly agree,Strongly agree,Strongly agree,Strongly agree,Strongly agree,Strongly agree,Strongly agree,Strongly agree,Strongly Disagree
L P Vilas Dehradun,Dehradun,India,Strongly Disagree,Strongly Disagree,Strongly Disagree,Strongly Disagree,Strongly Disagree,Strongly Disagree,Strongly Disagree,Strongly Disagree,Strongly Disagree,Strongly Disagree,Strongly Disagree,Strongly Disagree,Strongly Disagree,Strongly Disagree
L P villas dehradun ,Dehradun ,India,Neutral,Neutral,Neutral,Neutral,Neutral,Neutral,Neutral,Neutral,Neutral,Neutral,Neutral,Neutral,Neutral,Neutral
LP Vilas Dehradun ,Dehradun ,India ,Strongly Disagree,Strongly Disagree,Strongly Disagree,Strongly Disagree,Strongly Disagree,Strongly Disagree,Strongly Disagree,Strongly Disagree,Strongly Disagree,Strongly Disagree,Strongly Disagree,Strongly Disagree,Strongly Disagree,Strongly Disagree
"L. P. Vilas, dehradun",Dehradun,India,Neutral,Neutral,Neutral,Neutral,Neutral,Neutral,Neutral,Neutral,Neutral,Neutral,Neutral,Neutral,Neutral,Neutral
LP vilas dehradun,Dehradun,India,Strongly Agree,Agree,Agree,Strongly Agree,Agree,Strongly agree,Agree,Strongly agree,Agree,Neutral,Strongly agree,Strongly agree,Agree,Strongly agree
LP Vilas Dehradun,Dehradun,India ,Neutral,Neutral,Neutral,Neutral,Neutral,Neutral,Neutral,Neutral,Neutral,Neutral,Neutral,Neutral,Neutral,Neutral
LP vilas Dehradun ,Dehradun ,Indian ,Strongly Agree,Agree,Agree,Agree,Neutral,Agree,Agree,Agree,Strongly agree,Strongly agree,Strongly agree,Strongly agree,Strongly agree,Strongly agree
LP vilas dehradun ,Dehradun ,India,Neutral,Neutral,Neutral,Agree,Neutral,Agree,Neutral,Neutral,Neutral,Strongly agree,Strongly agree,Strongly agree,Agree,Agree
L P Vilas Dehradun ,Dehradun ,India,Strongly Agree,Strongly Agree,Agree,Agree,Strongly Agree,Strongly agree,Strongly agree,Strongly agree,Strongly agree,Strongly agree,Strongly agree,Strongly agree,Strongly agree,Strongly agree
LP Vilas,Dehradun ,India,Strongly Disagree,Strongly Disagree,Strongly Disagree,Strongly Disagree,Strongly Disagree,Strongly Disagree,Strongly Disagree,Strongly Disagree,Strongly Disagree,Strongly Disagree,Strongly Disagree,Strongly Disagree,Strongly Disagree,Strongly Disagree
LP Vilas Dehradun ,Dheradun,India ,Strongly Agree,Agree,Strongly Agree,Strongly Agree,Agree,Strongly agree,Strongly agree,Strongly agree,Strongly agree,Strongly agree,Strongly agree,Strongly agree,Strongly agree,Strongly agree
LP Vilas Dehradun ,Dehradun ,India ,Neutral,Neutral,Neutral,Neutral,Neutral,Neutral,Neutral,Neutral,Neutral,Neutral,Neutral,Neutral,Neutral,Neutral
LP Vilas Dehradun ,Dehradun ,India,Agree,Strongly Agree,Disagree,Disagree,Disagree,Disagree,Strongly Disagree,Neutral,Agree,Disagree,Strongly agree,Strongly Disagree,Neutral,Neutral
L.P. Vilas ,Dehradun,India,Agree,Agree,Agree,Agree,Agree,Agree,Agree,Agree,Agree,Agree,Agree,Agree,Agree,Agree
L P vilas Dehradun ,Dehradun ,India,Agree,Agree,Agree,Agree,Agree,Agree,Agree,Agree,Agree,Agree,Agree,Agree,Agree,Agree
LP Vilas Dehradun ,Dehradun ,India,Agree,Strongly Agree,Strongly Agree,Neutral,Neutral,Strongly agree,Neutral,Neutral,Disagree,Agree,Strongly agree,Disagree,Neutral,Strongly agree
Li Vilas Dehradun,Dehradun ,India,Strongly Agree,Agree,Neutral,Strongly Agree,Agree,Disagree,Strongly agree,Strongly agree,Agree,Neutral,Strongly agree,Neutral,Strongly agree,Strongly agree
LP Vilas ,Dehradun ,India ,Agree,Neutral,Agree,Neutral,Agree,Neutral,Disagree,Neutral,Neutral,Disagree,Agree,Agree,Neutral,Neutral
LP Vilas dehradun ,Dehradun ,India,Neutral,Agree,Disagree,Agree,Disagree,Agree,Disagree,Agree,Disagree,Agree,Disagree,Agree,Disagree,Agree
Li vilas dehradun,Dehradun,India,Neutral,Neutral,Agree,Agree,Neutral,Agree,Agree,Neutral,Neutral,Strongly agree,Agree,Agree,Agree,Agree
LP Vilas Dehradun ,Dehradun ,India,Neutral,Neutral,Neutral,Neutral,Neutral,Neutral,Neutral,Neutral,Neutral,Neutral,Neutral,Neutral,Neutral,Neutral
L P Vilas Dehradun ,Dehradun ,India ,Strongly Agree,Agree,Strongly Agree,Strongly Agree,Agree,Strongly agree,Strongly agree,Strongly agree,Strongly agree,Agree,Agree,Neutral,Agree,Neutral
L P Vilas Dehradun,Dehradun,India,Neutral,Neutral,Neutral,Neutral,Neutral,Neutral,Neutral,Neutral,Neutral,Neutral,Neutral,Neutral,Neutral,Neutral
L P vilas dehradun ,Dehradun ,India ,Neutral,Agree,Agree,Agree,Agree,Agree,Agree,Agree,Agree,Agree,Agree,Agree,Agree,Agree
LP Vilas Dehradun ,Dehradun ,India,Neutral,Disagree,Agree,Strongly Agree,Disagree,Strongly Disagree,Strongly Disagree,Agree,Disagree,Strongly agree,Agree,Agree,Strongly Disagree,Strongly Disagree
L P vilas dehradun ,Dehradun ,India ,Agree,Agree,Agree,Agree,Agree,Agree,Agree,Agree,Agree,Agree,Agree,Agree,Agree,Agree
LP Vilas Deharadun ,Deharadun ,India,Strongly Agree,Strongly Agree,Agree,Strongly Agree,Agree,Agree,Strongly agree,Strongly agree,Agree,Strongly agree,Neutral,Strongly agree,Neutral,Disagree
LP Vilas Dehradun,Dehradun,India,Strongly Agree,Agree,Agree,Agree,Agree,Agree,Agree,Agree,Agree,Neutral,Neutral,Agree,Agree,Neutral
L P vilas Dehradun,Dehradun,India,Disagree,Agree,Neutral,Disagree,Strongly Disagree,Neutral,Disagree,Neutral,Neutral,Strongly Disagree,Strongly Disagree,Strongly Disagree,Disagree,Strongly Disagree
L P vilas dheradun ,Dheradun ,India,Strongly Agree,Strongly Agree,Strongly Agree,Strongly Agree,Strongly Agree,Strongly agree,Strongly agree,Strongly agree,Strongly agree,Strongly agree,Strongly agree,Strongly agree,Strongly agree,Neutral
L P Vilas dehradun ,India ,India ,Agree,Agree,Agree,Agree,Agree,Neutral,Neutral,Agree,Agree,Neutral,Disagree,Agree,Neutral,Agree
LP Vilas Dehradun,Dehradun,India,Strongly Agree,Strongly Agree,Strongly Agree,Strongly Agree,Strongly Agree,Strongly agree,Strongly agree,Strongly agree,Strongly agree,Strongly agree,Strongly agree,Strongly agree,Strongly agree,Strongly agree
LP Vilas ,Derhadhun ,India,Strongly Agree,Strongly Agree,Agree,Agree,Agree,Agree,Agree,Agree,Strongly agree,Neutral,Agree,Strongly agree,Strongly agree,Agree
LP Vilas Dehradun,Dehradun,India,Strongly Agree,Strongly Agree,Strongly Agree,Strongly Agree,Strongly Agree,Strongly agree,Strongly agree,Strongly agree,Strongly agree,Strongly agree,Strongly agree,Strongly agree,Strongly agree,Strongly agree
LP Vilas dehradun ,Dehradun ,India ,Neutral,Disagree,Disagree,Disagree,Neutral,Strongly Disagree,Strongly Disagree,Strongly Disagree,Strongly Disagree,Strongly Disagree,Strongly Disagree,Strongly Disagree,Strongly Disagree,Strongly Disagree
L P VILAS DEHRADUN ,Dehradun ,India ,Strongly Agree,Strongly Agree,Strongly Agree,Strongly Agree,Strongly Agree,Strongly agree,Strongly agree,Strongly agree,Strongly agree,Strongly agree,Strongly agree,Strongly agree,Strongly agree,Strongly agree
LP Vilas ,Dehradun,India,Neutral,Neutral,Neutral,Neutral,Neutral,Neutral,Neutral,Neutral,Neutral,Neutral,Neutral,Neutral,Neutral,Neutral
LP Vilas Dehradun ,Dehradun ,India ,Strongly Agree,Strongly Agree,Strongly Agree,Strongly Agree,Strongly Agree,Strongly agree,Strongly agree,Strongly agree,Strongly agree,Strongly agree,Strongly agree,Strongly agree,Strongly agree,Strongly agree
LP Vilas Dheradun ,Dheradun ,India,Agree,Agree,Agree,Agree,Agree,Agree,Agree,Agree,Agree,Agree,Agree,Agree,Agree,Agree
LP Vilas,Dehradun ,India ,Agree,Agree,Neutral,Neutral,Neutral,Neutral,Neutral,Neutral,Neutral,Neutral,Agree,Neutral,Neutral,Neutral
LP Vilas ,Dehradun ,India,Agree,Agree,Agree,Agree,Agree,Agree,Agree,Agree,Agree,Agree,Agree,Agree,Agree,Agree
LP Vilas Dehradun ,Dehradun ,India,Strongly Agree,Agree,Agree,Strongly Agree,Strongly Agree,Strongly agree,Agree,Neutral,Agree,Strongly agree,Agree,Neutral,Neutral,Neutral
L P Vilas Dehradun,Dehradun ,India,Neutral,Neutral,Neutral,Neutral,Neutral,Neutral,Neutral,Neutral,Neutral,Neutral,Neutral,Neutral,Neutral,Neutral
LP Vilas Dehradun ,Dehradun ,India,Agree,Agree,Agree,Agree,Agree,Agree,Agree,Agree,Agree,Agree,Agree,Agree,Agree,Disagree
L P Vilas Dehradun,Dehradun ,India,Agree,Neutral,Neutral,Neutral,Agree,Agree,Disagree,Neutral,Agree,Agree,Strongly Disagree,Disagree,Strongly agree,Agree
LP Vilas dehradun ,Dehradun ,India,Agree,Neutral,Agree,Agree,Neutral,Agree,Neutral,Neutral,Neutral,Neutral,Neutral,Neutral,Neutral,Neutral
L P Vilas dehradun ,Dehradun ,INDIA,Strongly Agree,Strongly Agree,Strongly Agree,Strongly Agree,Strongly Agree,Strongly agree,Strongly agree,Strongly agree,Strongly agree,Strongly agree,Strongly agree,Strongly agree,Strongly agree,Strongly agree
LP Vilas Dehradun ,Dehradun ,India,Neutral,Neutral,Neutral,Neutral,Neutral,Neutral,Neutral,Neutral,Neutral,Neutral,Neutral,Neutral,Neutral,Neutral
LP Vilas Dehradun ,Dehradun ,India,Strongly Agree,Strongly Agree,Strongly Agree,Strongly Agree,Strongly Agree,Strongly agree,Strongly agree,Strongly agree,Strongly agree,Strongly agree,Strongly agree,Strongly agree,Strongly agree,Strongly agree
LP vilas dehradun ,Dehradun ,India,Agree,Agree,Neutral,Neutral,Neutral,Neutral,Neutral,Neutral,Neutral,Neutral,Neutral,Neutral,Neutral,Neutral
LP Vilas Dehradun,Dehradun,India,Disagree,Disagree,Neutral,Disagree,Agree,Strongly agree,Strongly Disagree,Neutral,Neutral,Agree,Agree,Disagree,Neutral,Agree
LP Vilas Dehradun ,Dehradun ,India ,Agree,Agree,Agree,Agree,Agree,Agree,Agree,Neutral,Neutral,Neutral,Agree,Agree,Agree,Agree
Anandnam,Dehradun,India,Disagree,Disagree,Disagree,Disagree,Disagree,Disagree,Disagree,Disagree,Disagree,Disagree,Disagree,Disagree,Disagree,Disagree
LP Vilas Dehradun,Dehradun,India ,Strongly Agree,Strongly Agree,Strongly Agree,Strongly Agree,Strongly Agree,Strongly agree,Strongly agree,Strongly agree,Strongly agree,Strongly agree,Strongly agree,Strongly agree,Strongly agree,Strongly agree
L.P VILLAS DDN ,DDN,India ,Strongly Agree,Strongly Agree,Strongly Agree,Strongly Agree,Strongly Agree,Strongly agree,Strongly agree,Strongly agree,Strongly agree,Strongly agree,Strongly agree,Strongly agree,Strongly agree,Strongly agree
L P Vilas,Dehradun ,India,Agree,Agree,Neutral,Neutral,Neutral,Neutral,Neutral,Neutral,Neutral,Neutral,Neutral,Neutral,Neutral,Neutral
LP Vilas dehradun ,Dehradun,India,Strongly Agree,Strongly Agree,Strongly Agree,Disagree,Strongly Agree,Strongly agree,Strongly agree,Strongly agree,Strongly agree,Strongly agree,Strongly agree,Strongly agree,Strongly agree,Strongly agree
LP VILAS DEHRADUN ,Dehradun,India,Neutral,Agree,Agree,Neutral,Neutral,Neutral,Neutral,Agree,Agree,Agree,Agree,Neutral,Neutral,Agree
L P Vilas Dehradun,Dehradun,India,Agree,Agree,Neutral,Agree,Agree,Strongly agree,Agree,Agree,Agree,Strongly agree,Neutral,Agree,Neutral,Agree
LP vilash ,Dehradun ,India,Agree,Agree,Agree,Strongly Agree,Neutral,Strongly agree,Agree,Strongly agree,Agree,Strongly agree,Strongly agree,Strongly agree,Agree,Agree
LP Villas Dehradun,Uttarakhand ,India,Neutral,Agree,Neutral,Agree,Agree,Strongly Disagree,Agree,Agree,Agree,Agree,Neutral,Disagree,Agree,Agree
LPvillas dehradun,Dehradun,India,Strongly Agree,Strongly Agree,Strongly Agree,Strongly Agree,Agree,Agree,Agree,Agree,Strongly agree,Agree,Agree,Agree,Agree,Agree
LP Vilas Dehradun,Dehradun,India,Agree,Agree,Agree,Agree,Agree,Agree,Agree,Agree,Agree,Agree,Agree,Agree,Agree,Agree
LP Vilas Dheradun ,Dheradun ,Indian ,Agree,Agree,Agree,Agree,Agree,Agree,Agree,Agree,Agree,Agree,Agree,Agree,Agree,Agree
L P vilas dehradun,Dehradun,India,Strongly Agree,Strongly Agree,Strongly Agree,Strongly Agree,Strongly Agree,Strongly agree,Strongly agree,Strongly agree,Strongly agree,Strongly agree,Strongly agree,Strongly agree,Strongly agree,Strongly agree
L P Vilas ,Dehradun,India,Strongly Agree,Strongly Agree,Strongly Agree,Strongly Agree,Strongly Agree,Strongly agree,Strongly agree,Strongly agree,Strongly agree,Strongly agree,Strongly agree,Strongly agree,Strongly agree,Strongly agree
L P Vilas Dehradun ,Dehradun ,India,Strongly Agree,Agree,Agree,Agree,Agree,Strongly agree,Agree,Agree,Agree,Agree,Strongly agree,Agree,Strongly agree,Strongly agree
LP Vilas ,Dehradun ,India ,Neutral,Neutral,Neutral,Neutral,Neutral,Neutral,Neutral,Neutral,Neutral,Neutral,Neutral,Strongly agree,Strongly agree,Strongly agree
Lp vilas dehradun,"Dehradun, Uttrakhand",India,Strongly Disagree,Strongly Disagree,Strongly Disagree,Strongly Disagree,Strongly Disagree,Strongly Disagree,Strongly Disagree,Strongly Disagree,Strongly Disagree,Strongly Disagree,Strongly Disagree,Strongly Disagree,Strongly Disagree,Strongly Disagree
Lp vilas,Dehradun ,India ,Strongly Agree,Neutral,Strongly Disagree,Disagree,Strongly Agree,Disagree,Agree,Strongly Disagree,Agree,Agree,Strongly Disagree,Strongly Disagree,Strongly Disagree,Disagree
LP Vilas Dehradun ,Dehradun ,India,Neutral,Neutral,Neutral,Agree,Agree,Neutral,Agree,Agree,Neutral,Neutral,Strongly Disagree,Agree,Neutral,Agree
L P Villas Dehradun,Dehradun,India,Agree,Neutral,Strongly Disagree,Strongly Agree,Disagree,Strongly Disagree,Neutral,Strongly Disagree,Strongly Disagree,Neutral,Strongly Disagree,Neutral,Strongly Disagree,Strongly Disagree
L P vilas dehradun ,Dehradun ,India,Disagree,Agree,Agree,Neutral,Neutral,Strongly agree,Disagree,Agree,Agree,Disagree,Strongly Disagree,Strongly Disagree,Strongly Disagree,Strongly Disagree
LP Vilas Dehradun,Dehradun,India,Agree,Agree,Strongly Agree,Strongly Agree,Strongly Agree,Strongly agree,Agree,Strongly agree,Strongly agree,Strongly agree,Strongly agree,Strongly agree,Strongly agree,Agree
Swimsea,Goa,India,Agree,Agree,Agree,Agree,Neutral,Agree,Agree,Neutral,Agree,Strongly agree,Agree,Agree,Agree,Strongly agree
LP Vilas Dehradun,Dehradun,India,Strongly Agree,Agree,Agree,Disagree,Disagree,Agree,Strongly agree,Neutral,Strongly Disagree,Strongly agree,Neutral,Disagree,Neutral,Disagree
"LP Vilas, Dehradun ",Dehradun ,India,Neutral,Disagree,Agree,Neutral,Neutral,Strongly Disagree,Agree,Neutral,Neutral,Agree,Agree,Agree,Neutral,Disagree
Old boys,Dehradun ,India,Neutral,Neutral,Neutral,Neutral,Neutral,Neutral,Neutral,Strongly Disagree,Strongly Disagree,Strongly Disagree,Strongly Disagree,Agree,Strongly agree,Strongly Disagree
G block ,Dehradun ,India ,Neutral,Agree,Agree,Agree,Agree,Neutral,Neutral,Neutral,Neutral,Neutral,Strongly Disagree,Disagree,Agree,Strongly agree
L P vilas,Dehradun ,India ,Neutral,Neutral,Neutral,Neutral,Neutral,Neutral,Neutral,Neutral,Neutral,Neutral,Neutral,Neutral,Neutral,Neutral
L P Vilas Dehradun,Dehradun,India ,Neutral,Strongly Agree,Agree,Disagree,Agree,Strongly agree,Agree,Disagree,Disagree,Agree,Agree,Neutral,Disagree,Agree
L P vilas,Dehradun ,India ,Strongly Agree,Neutral,Disagree,Neutral,Agree,Agree,Agree,Agree,Agree,Strongly agree,Agree,Strongly agree,Strongly agree,Neutral
L P Vilas ,Dehradun,India,Strongly Agree,Strongly Agree,Strongly Agree,Strongly Agree,Strongly Agree,Strongly agree,Strongly agree,Strongly agree,Strongly agree,Strongly agree,Strongly agree,Strongly agree,Strongly agree,Strongly agree
L P Villas,Dehradun ,India,Neutral,Agree,Disagree,Agree,Strongly Agree,Disagree,Strongly Disagree,Neutral,Strongly Disagree,Strongly Disagree,Neutral,Disagree,Strongly agree,Strongly Disagree
L P Vilas Dehradun ,Dehradun ,India ,Agree,Agree,Agree,Agree,Agree,Agree,Agree,Agree,Agree,Agree,Agree,Agree,Agree,Agree
LP villas Dehradhun ,Dehradhun ,India ,Strongly Agree,Strongly Agree,Strongly Agree,Strongly Agree,Strongly Agree,Strongly agree,Disagree,Disagree,Strongly agree,Strongly agree,Agree,Agree,Disagree,Agree
L P  vilas,Dehradun,India,Strongly Agree,Strongly Agree,Strongly Agree,Agree,Agree,Strongly agree,Agree,Agree,Strongly agree,Agree,Disagree,Strongly agree,Neutral,Disagree
L_p vila dehradun ,Dehradun ,India ,Strongly Disagree,Strongly Disagree,Strongly Disagree,Strongly Disagree,Strongly Disagree,Strongly Disagree,Strongly Disagree,Strongly Disagree,Strongly Disagree,Strongly Disagree,Strongly Disagree,Strongly Disagree,Strongly Disagree,Strongly Disagree
Lp vilas dehradun , dehradun ,India,Agree,Neutral,Agree,Strongly Agree,Neutral,Agree,Agree,Neutral,Strongly agree,Agree,Disagree,Agree,Strongly agree,Neutral
LP villas dehradun ,Dehradun ,India ,Neutral,Agree,Agree,Strongly Agree,Agree,Strongly agree,Agree,Neutral,Agree,Strongly agree,Disagree,Agree,Neutral,Neutral
LP villas dehradun,Dehradun,India,Strongly Agree,Agree,Agree,Agree,Agree,Strongly agree,Agree,Disagree,Disagree,Neutral,Neutral,Neutral,Neutral,Agree
L.P.Villas,Dehradun ,India,Neutral,Neutral,Neutral,Neutral,Neutral,Neutral,Neutral,Neutral,Neutral,Neutral,Neutral,Neutral,Neutral,Neutral
LP villa,Dehradun ,India,Strongly Agree,Agree,Agree,Agree,Agree,Agree,Neutral,Strongly Disagree,Agree,Agree,Agree,Strongly agree,Strongly agree,Strongly agree
New china town,Dehradun,India,Strongly Disagree,Neutral,Neutral,Neutral,Neutral,Neutral,Neutral,Neutral,Agree,Neutral,Neutral,Neutral,Neutral,Neutral
LP villas,Dehradun ,India,Agree,Agree,Agree,Agree,Agree,Agree,Agree,Agree,Agree,Agree,Agree,Agree,Agree,Agree
L P vilas,Dehradun ,India,Strongly Agree,Agree,Neutral,Neutral,Neutral,Neutral,Neutral,Neutral,Neutral,Neutral,Neutral,Neutral,Neutral,Neutral
LP VILAS,Dehradun ,India,Agree,Neutral,Neutral,Agree,Agree,Agree,Agree,Neutral,Neutral,Agree,Agree,Strongly Disagree,Agree,Neutral
Lp Vilas Dehradun ,Dehradun,India,Strongly Agree,Strongly Agree,Strongly Agree,Strongly Agree,Agree,Strongly agree,Strongly agree,Agree,Agree,Agree,Strongly agree,Agree,Agree,Agree
L P Villas,Dehradun ,India,Strongly Agree,Strongly Agree,Agree,Neutral,Strongly Agree,Neutral,Disagree,Strongly agree,Neutral,Strongly agree,Neutral,Neutral,Strongly agree,Strongly agree
L P Villas ,Dehradun ,Indian ,Strongly Agree,Strongly Disagree,Neutral,Neutral,Disagree,Neutral,Agree,Strongly Disagree,Agree,Neutral,Disagree,Agree,Agree,Strongly agree
LP Villas Dehradun ,Dehradun ,India,Agree,Agree,Agree,Agree,Agree,Neutral,Agree,Neutral,Agree,Agree,Neutral,Neutral,Neutral,Agree
Salini pg,Dehradun ,India,Strongly Disagree,Neutral,Agree,Disagree,Neutral,Neutral,Neutral,Neutral,Strongly Disagree,Strongly Disagree,Strongly Disagree,Neutral,Neutral,Neutral
LP villas dehradun ,Dehradun ,India,Agree,Agree,Neutral,Agree,Neutral,Agree,Agree,Neutral,Agree,Agree,Neutral,Neutral,Neutral,Agree
Sp vilas,Premnagar ,India ,Neutral,Neutral,Agree,Neutral,Neutral,Neutral,Neutral,Neutral,Neutral,Neutral,Neutral,Neutral,Neutral,Neutral
LP Villas,Dehradun ,India,Agree,Disagree,Neutral,Neutral,Agree,Agree,Strongly agree,Agree,Disagree,Disagree,Strongly Disagree,Strongly Disagree,Strongly Disagree,Strongly Disagree
Lp villas dehradun ,Dehradun ,India,Neutral,Neutral,Neutral,Neutral,Neutral,Neutral,Neutral,Neutral,Neutral,Neutral,Neutral,Neutral,Neutral,Neutral
L P Vilas Dehradun,Dehradun,India,Neutral,Neutral,Neutral,Neutral,Neutral,Neutral,Neutral,Neutral,Neutral,Neutral,Neutral,Neutral,Neutral,Neutral
L/P Vilas dehradun ,Dehradun ,India,Strongly Agree,Strongly Agree,Strongly Agree,Strongly Agree,Strongly Agree,Strongly agree,Strongly agree,Strongly agree,Strongly agree,Strongly agree,Strongly agree,Strongly agree,Strongly agree,Strongly agree
L P VILAS,DEHRADUN,INDIA,Neutral,Neutral,Neutral,Neutral,Neutral,Neutral,Neutral,Neutral,Neutral,Neutral,Neutral,Neutral,Neutral,Neutral
LP vilas dehradun,Dehradun,India,Strongly Agree,Strongly Agree,Strongly Agree,Strongly Agree,Strongly Agree,Strongly agree,Strongly agree,Strongly agree,Strongly agree,Strongly agree,Strongly agree,Strongly agree,Strongly agree,Strongly agree
L P Vilas dehradun ,Dehradun ,India,Agree,Agree,Agree,Neutral,Disagree,Disagree,Strongly agree,Strongly agree,Agree,Agree,Agree,Strongly agree,Strongly agree,Strongly agree
LP Vilas Dehradun ,Dehradun ,Indian ,Neutral,Neutral,Neutral,Neutral,Neutral,Neutral,Neutral,Neutral,Neutral,Neutral,Neutral,Neutral,Neutral,Neutral
"LP Vilas , Dehradun",Dehradun,India,Neutral,Neutral,Neutral,Neutral,Neutral,Neutral,Neutral,Neutral,Neutral,Neutral,Neutral,Neutral,Neutral,Neutral
L P vilas Dehradun ,Dehradun ,India,Agree,Agree,Agree,Agree,Agree,Agree,Agree,Agree,Agree,Agree,Agree,Agree,Agree,Agree
L. P. Vilas,Dehradun ,India,Agree,Strongly Agree,Agree,Strongly Agree,Agree,Strongly agree,Strongly agree,Agree,Agree,Agree,Strongly agree,Strongly agree,Agree,Agree
L P Vilas Dehradun ,Dehradun ,India,Neutral,Neutral,Neutral,Neutral,Neutral,Neutral,Neutral,Neutral,Neutral,Neutral,Neutral,Neutral,Neutral,Neutral
LP Vilas Dehradun ,Dehradun ,India,Neutral,Agree,Neutral,Neutral,Disagree,Strongly Disagree,Strongly Disagree,Neutral,Strongly agree,Agree,Neutral,Agree,Agree,Agree
L P Villas Dehradun ,Dehradun ,India,Neutral,Neutral,Neutral,Neutral,Neutral,Neutral,Neutral,Neutral,Neutral,Neutral,Neutral,Neutral,Neutral,Neutral
L/p vilas dehradun,Dehradun,Indian,Strongly Agree,Strongly Agree,Neutral,Agree,Strongly Agree,Strongly agree,Strongly agree,Strongly agree,Strongly agree,Strongly agree,Strongly agree,Strongly agree,Strongly agree,Strongly agree
LP Vilas Dehradun ,Dehradun ,India ,Neutral,Agree,Strongly Agree,Agree,Strongly Agree,Agree,Neutral,Strongly agree,Agree,Neutral,Strongly agree,Agree,Agree,Strongly agree
LP Vilas Dehradun ,Dehradun,India,Agree,Agree,Strongly Agree,Agree,Agree,Agree,Agree,Agree,Agree,Agree,Agree,Agree,Agree,Agree
L P Vilas dehradun ,Dehradun ,India,Agree,Agree,Agree,Agree,Agree,Agree,Agree,Agree,Agree,Agree,Agree,Agree,Agree,Agree
LP Vilas Dehradun ,Dehradun ,India,Strongly Agree,Agree,Strongly Agree,Strongly Agree,Agree,Strongly agree,Strongly agree,Strongly agree,Strongly agree,Strongly agree,Strongly agree,Strongly agree,Strongly agree,Strongly agree
L P Vilas dehradun ,Dehradun ,India,Strongly Agree,Agree,Agree,Strongly Agree,Disagree,Neutral,Strongly Disagree,Agree,Neutral,Neutral,Neutral,Agree,Agree,Agree
L.P Vilas Dehradun,Dehradun,India,Agree,Neutral,Strongly Agree,Agree,Neutral,Disagree,Neutral,Agree,Disagree,Strongly Disagree,Agree,Neutral,Agree,Neutral
LP Vilas Dehradun,Dehradun,India,Neutral,Neutral,Strongly Disagree,Strongly Disagree,Strongly Disagree,Disagree,Neutral,Neutral,Strongly Disagree,Disagree,Strongly agree,Agree,Agree,Strongly Disagree
L P Vilas Dehradun ,Dehradun ,India ,Strongly Agree,Agree,Agree,Agree,Agree,Strongly agree,Strongly agree,Strongly agree,Strongly agree,Strongly agree,Agree,Disagree,Disagree,Strongly agree
LP Vilas Dehradun ,Dehradun ,India ,Neutral,Neutral,Neutral,Neutral,Neutral,Neutral,Neutral,Neutral,Neutral,Neutral,Neutral,Neutral,Neutral,Neutral
"L P Vilas , Dehradun ",Dehradun ,India,Neutral,Agree,Agree,Neutral,Neutral,Neutral,Neutral,Neutral,Agree,Agree,Agree,Agree,Neutral,Agree
LP Vilas dehradun ,Dehradun ,India,Agree,Disagree,Disagree,Agree,Neutral,Agree,Strongly agree,Agree,Agree,Agree,Agree,Agree,Agree,Agree
LP Vilas dehradun ,Dehradun ,India,Neutral,Neutral,Disagree,Agree,Neutral,Neutral,Neutral,Strongly Disagree,Strongly Disagree,Strongly Disagree,Disagree,Neutral,Neutral,Agree
lpvilasdehradun,Dehradun ,INDIA,Strongly Agree,Agree,Agree,Neutral,Agree,Strongly agree,Agree,Disagree,Agree,Agree,Agree,Agree,Agree,Agree
LP Vilas ,Dehradun ,India ,Agree,Agree,Agree,Agree,Agree,Agree,Agree,Agree,Agree,Agree,Disagree,Neutral,Neutral,Agree
LP Vilas,Dehradun ,India ,Strongly Agree,Agree,Agree,Strongly Agree,Strongly Agree,Strongly agree,Strongly agree,Strongly agree,Strongly agree,Strongly agree,Agree,Agree,Agree,Agree
LP Vilas ,Dehradun ,India,Neutral,Neutral,Neutral,Neutral,Neutral,Neutral,Neutral,Neutral,Neutral,Neutral,Neutral,Neutral,Neutral,Neutral
L P ViLAS dehradun ,Dehradun ,Indian ,Agree,Agree,Agree,Agree,Agree,Agree,Agree,Neutral,Agree,Neutral,Neutral,Agree,Strongly agree,Agree
LP Vilas,Dehradun,India,Strongly Agree,Strongly Agree,Strongly Agree,Strongly Agree,Strongly Agree,Strongly agree,Strongly agree,Strongly agree,Strongly agree,Strongly agree,Strongly agree,Strongly agree,Strongly agree,Strongly agree
L P Vila’s Dehradun ,Dehradun ,India,Neutral,Neutral,Neutral,Neutral,Neutral,Neutral,Neutral,Disagree,Disagree,Neutral,Disagree,Disagree,Neutral,Neutral
LP Vilas dehradun ,Dehradun ,India,Strongly Agree,Strongly Agree,Strongly Agree,Strongly Agree,Strongly Agree,Strongly agree,Strongly agree,Strongly agree,Strongly agree,Strongly agree,Strongly agree,Strongly agree,Strongly agree,Agree
LP Vilas Dehradun ,Dehradun ,India,Neutral,Neutral,Neutral,Neutral,Neutral,Neutral,Neutral,Strongly Disagree,Disagree,Neutral,Disagree,Neutral,Neutral,Neutral
Lp Vilas ,Dehradun,India ,Neutral,Disagree,Strongly Agree,Strongly Agree,Disagree,Strongly Disagree,Strongly Disagree,Strongly Disagree,Strongly Disagree,Strongly Disagree,Strongly Disagree,Strongly Disagree,Strongly Disagree,Strongly Disagree
LP Vilas Dehradun,Dehradun,India,Agree,Agree,Agree,Agree,Agree,Agree,Agree,Agree,Agree,Agree,Agree,Agree,Agree,Agree
L P Vilas dehradun ,Dehradun ,India,Strongly Agree,Agree,Agree,Neutral,Neutral,Neutral,Neutral,Neutral,Neutral,Neutral,Neutral,Neutral,Neutral,Neutral
Lp Vilas dehradun ,Dehradun ,Indian ,Strongly Agree,Agree,Agree,Agree,Agree,Agree,Agree,Agree,Agree,Agree,Neutral,Neutral,Neutral,Disagree
LP Vilas Dehradun ,Dehradun ,India ,Agree,Agree,Agree,Agree,Agree,Agree,Agree,Agree,Agree,Neutral,Agree,Agree,Agree,Agree
Aryan,Doon,India,Neutral,Neutral,Disagree,Agree,Neutral,Strongly agree,Strongly agree,Strongly agree,Strongly agree,Agree,Agree,Agree,Agree,Agree
L P vilas dehradun ,Dehradun ,India ,Strongly Agree,Strongly Agree,Strongly Agree,Strongly Agree,Strongly Agree,Strongly agree,Strongly agree,Agree,Agree,Agree,Strongly agree,Strongly agree,Neutral,Strongly agree
L P vilas,Dehradun ,India,Agree,Agree,Neutral,Agree,Neutral,Neutral,Neutral,Neutral,Agree,Agree,Agree,Neutral,Agree,Agree
LP Vilas,Dehradun ,India,Agree,Agree,Agree,Agree,Agree,Agree,Agree,Agree,Agree,Agree,Agree,Agree,Agree,Agree
Room,Kehri gao,India,Neutral,Neutral,Neutral,Neutral,Neutral,Neutral,Neutral,Neutral,Neutral,Neutral,Neutral,Neutral,Disagree,Neutral
L P Vilas,Dehradun ,India,Strongly Agree,Agree,Neutral,Disagree,Strongly Disagree,Strongly agree,Strongly agree,Strongly agree,Agree,Strongly agree,Agree,Agree,Neutral,Disagree
Mahatma Gandhi ,Dehradun ,India ,Agree,Agree,Agree,Agree,Agree,Agree,Agree,Agree,Agree,Agree,Agree,Agree,Agree,Agree
LP Vilas Dehradun ,Dehradun ,India,Strongly Agree,Agree,Strongly Agree,Agree,Neutral,Strongly agree,Neutral,Neutral,Agree,Neutral,Strongly Disagree,Neutral,Agree,Strongly agree
LP Vilas ,Dehradun ,India,Neutral,Agree,Agree,Agree,Neutral,Neutral,Neutral,Neutral,Neutral,Neutral,Agree,Agree,Neutral,Neutral
LP Vilas ,Preamnagar Dehradun ,India,Strongly Agree,Agree,Strongly Agree,Agree,Strongly Agree,Strongly agree,Agree,Agree,Neutral,Neutral,Agree,Agree,Disagree,Agree
G block,Prem naga,India,Neutral,Disagree,Agree,Agree,Neutral,Neutral,Agree,Neutral,Neutral,Neutral,Neutral,Neutral,Neutral,Agree
G block ,Dehradun ,India,Neutral,Neutral,Disagree,Disagree,Neutral,Agree,Agree,Strongly Disagree,Neutral,Neutral,Strongly Disagree,Neutral,Strongly agree,Agree
Lp villas,Dehradun ,India,Agree,Neutral,Neutral,Neutral,Neutral,Neutral,Neutral,Neutral,Neutral,Neutral,Neutral,Neutral,Neutral,Neutral
Clarion Hotel,Dehradun,India,Strongly Agree,Agree,Strongly Agree,Strongly Agree,Strongly Agree,Agree,Agree,Neutral,Agree,Agree,Agree,Strongly agree,Strongly agree,Agree
Pacific hotel,Dehradun ,India ,Neutral,Agree,Agree,Neutral,Neutral,Neutral,Neutral,Neutral,Neutral,Neutral,Neutral,Neutral,Neutral,Neutral
L.P vilas dehradun ,Dehradun ,India ,Strongly Agree,Strongly Agree,Strongly Agree,Strongly Agree,Strongly Agree,Strongly agree,Strongly agree,Strongly agree,Strongly agree,Strongly agree,Strongly agree,Strongly agree,Strongly agree,Strongly agree
"LP Vilas, Dehradun ",Dehradun ,INDIA,Agree,Agree,Strongly Agree,Agree,Agree,Strongly agree,Agree,Agree,Agree,Agree,Strongly agree,Neutral,Agree,Agree
Abdulkalam,Uttrakhachal university ,India,Neutral,Disagree,Neutral,Disagree,Neutral,Neutral,Neutral,Neutral,Neutral,Neutral,Neutral,Strongly Disagree,Neutral,Neutral
LP Vilas dehradun,Dehradun ,India,Neutral,Agree,Neutral,Neutral,Agree,Agree,Neutral,Neutral,Neutral,Neutral,Disagree,Neutral,Neutral,Neutral
LP vilash,Dehradun ,India,Neutral,Neutral,Neutral,Neutral,Neutral,Neutral,Neutral,Neutral,Neutral,Neutral,Disagree,Agree,Neutral,Neutral
Block G,Dehradun ,India ,Agree,Agree,Neutral,Neutral,Agree,Agree,Strongly agree,Agree,Agree,Neutral,Agree,Agree,Agree,Agree
I,Haryana ,India,Agree,Agree,Neutral,Agree,Agree,Agree,Agree,Agree,Agree,Neutral,Neutral,Agree,Strongly agree,Agree
Lp villas,Dehradun,India,Strongly Disagree,Agree,Strongly Agree,Disagree,Neutral,Strongly Disagree,Agree,Strongly agree,Disagree,Neutral,Agree,Strongly Disagree,Strongly Disagree,Strongly Disagree
LP Vilas Dehradun ,Dehradun ,India,Agree,Agree,Agree,Agree,Agree,Agree,Agree,Agree,Agree,Agree,Neutral,Agree,Agree,Agree
L P Vilas Dehradun,Dehradun,INDIA,Neutral,Agree,Agree,Agree,Neutral,Agree,Strongly agree,Strongly agree,Agree,Neutral,Neutral,Disagree,Strongly agree,Neutral
L P Vilash ,Dehradun ,India ,Agree,Agree,Strongly Agree,Neutral,Disagree,Strongly Disagree,Neutral,Neutral,Agree,Agree,Strongly agree,Disagree,Disagree,Agree
L P Vilas dehradun ,Dehradun ,India ,Agree,Agree,Agree,Agree,Agree,Agree,Agree,Agree,Agree,Agree,Agree,Agree,Agree,Agree
Mahatma Gandhi I,Dehradun ,India ,Strongly Agree,Neutral,Strongly Agree,Strongly Agree,Strongly Agree,Strongly agree,Strongly agree,Strongly agree,Strongly agree,Strongly agree,Strongly agree,Strongly agree,Neutral,Strongly agree
L P Vilas Dehradun ,Dehradun ,India,Agree,Agree,Agree,Agree,Neutral,Agree,Agree,Agree,Agree,Agree,Agree,Agree,Agree,Agree
L P Vilas Dehradun ,Dehradun ,India,Agree,Agree,Neutral,Agree,Agree,Agree,Agree,Neutral,Agree,Agree,Neutral,Neutral,Agree,Agree
L P vilas Dehradun ,Dehradun ,India,Agree,Neutral,Strongly Disagree,Neutral,Strongly Disagree,Disagree,Neutral,Neutral,Disagree,Neutral,Disagree,Disagree,Neutral,Disagree
L P Vilas ,Dehradun,India,Agree,Agree,Agree,Agree,Agree,Agree,Agree,Agree,Agree,Agree,Agree,Agree,Agree,Agree
LP vilas dehradun,Dehradun,India,Strongly Agree,Strongly Disagree,Strongly Disagree,Disagree,Neutral,Strongly Disagree,Strongly Disagree,Strongly Disagree,Strongly Disagree,Disagree,Strongly Disagree,Strongly Disagree,Disagree,Neutral
Clarion Hotel ,Dehradun (Premnagar),India,Agree,Agree,Strongly Agree,Strongly Agree,Agree,Strongly agree,Agree,Agree,Neutral,Agree,Neutral,Agree,Strongly agree,Strongly agree
LP VILAS DEHRADUN ,Dehradun ,India,Agree,Agree,Strongly Agree,Agree,Agree,Strongly agree,Strongly agree,Agree,Neutral,Strongly agree,Strongly agree,Strongly agree,Strongly agree,Agree
L P Vilas dehradun,Dehradun,India,Agree,Agree,Agree,Agree,Agree,Agree,Agree,Agree,Agree,Agree,Agree,Agree,Agree,Agree
LP Vilas dehradun,Dehradun,India,Agree,Agree,Neutral,Agree,Neutral,Agree,Agree,Agree,Agree,Agree,Neutral,Agree,Agree,Agree
L.P vilas dehradun ,Dehradun ,India,Neutral,Disagree,Neutral,Disagree,Disagree,Neutral,Neutral,Disagree,Strongly Disagree,Neutral,Neutral,Agree,Disagree,Disagree
Lp vilas,Dehradun ,India ,Agree,Agree,Neutral,Neutral,Agree,Agree,Agree,Agree,Agree,Neutral,Neutral,Strongly agree,Agree,Agree
L P Vilas,Dehradun ,India,Strongly Agree,Agree,Strongly Agree,Disagree,Strongly Disagree,Strongly agree,Strongly agree,Agree,Neutral,Strongly agree,Strongly agree,Strongly agree,Strongly agree,Strongly agree
L P Villas,Dehradun,India,Neutral,Neutral,Neutral,Neutral,Neutral,Neutral,Neutral,Neutral,Neutral,Neutral,Neutral,Neutral,Disagree,Neutral
Lp villas dehradun ,Dehradun ,India,Neutral,Neutral,Neutral,Neutral,Neutral,Neutral,Neutral,Neutral,Neutral,Neutral,Neutral,Neutral,Neutral,Neutral
LP vilas ,Dehradun ,India,Neutral,Neutral,Neutral,Neutral,Neutral,Neutral,Neutral,Strongly Disagree,Strongly Disagree,Strongly Disagree,Strongly Disagree,Neutral,Neutral,Neutral
LP Vilas dehradun,Dehradun,India,Neutral,Neutral,Neutral,Neutral,Neutral,Neutral,Neutral,Neutral,Neutral,Neutral,Neutral,Neutral,Neutral,Neutral
L P Vilad dehradun,Dehradun,India,Neutral,Neutral,Neutral,Neutral,Neutral,Neutral,Neutral,Neutral,Neutral,Neutral,Strongly Disagree,Neutral,Neutral,Neutral
L P Vilas ,Dehradun ,india,Strongly Agree,Strongly Agree,Strongly Agree,Strongly Agree,Strongly Agree,Strongly agree,Strongly agree,Strongly agree,Strongly agree,Strongly agree,Strongly agree,Strongly agree,Strongly agree,Strongly agree
"L.P Villas , Dehradun",Dehradun,India,Neutral,Agree,Agree,Agree,Agree,Agree,Neutral,Agree,Neutral,Neutral,Neutral,Neutral,Neutral,Agree
L P Vilas dehradun ,Dehradun ,India,Neutral,Neutral,Neutral,Neutral,Neutral,Neutral,Neutral,Neutral,Neutral,Neutral,Neutral,Neutral,Neutral,Neutral
L P vilas dehradun ,Dehradun ,India,Agree,Agree,Agree,Agree,Agree,Agree,Agree,Agree,Agree,Agree,Agree,Agree,Agree,Agree
L P vilas dehradun ,Dehradun ,India ,Agree,Agree,Agree,Agree,Agree,Agree,Agree,Agree,Agree,Agree,Agree,Agree,Agree,Agree
LP Vilas Dehradun ,Dehradun ,India ,Neutral,Agree,Neutral,Neutral,Neutral,Agree,Agree,Neutral,Disagree,Agree,Disagree,Agree,Agree,Agree
Boys hostel Uttaranchal University ,Dehradun Uttaranchal University ,India ,Agree,Disagree,Disagree,Neutral,Disagree,Neutral,Strongly Disagree,Strongly Disagree,Strongly Disagree,Neutral,Strongly Disagree,Strongly Disagree,Strongly Disagree,Strongly Disagree
L P Vilas ,Dehradun,India,Agree,Agree,Neutral,Agree,Neutral,Neutral,Neutral,Neutral,Neutral,Agree,Neutral,Agree,Agree,Agree
L P Vilas dehradun ,Dehradun ,India,Agree,Agree,Strongly Agree,Agree,Neutral,Strongly agree,Agree,Agree,Agree,Agree,Neutral,Agree,Agree,Agree
LP Vilas,Dehradun ,India,Agree,Agree,Neutral,Disagree,Agree,Strongly agree,Disagree,Neutral,Strongly Disagree,Neutral,Disagree,Disagree,Disagree,Neutral
LP vilas dehradun,Dehradun,India,Agree,Agree,Agree,Agree,Agree,Strongly agree,Strongly agree,Agree,Agree,Agree,Agree,Agree,Agree,Agree
L P Vilas dehradun,dehradun,India,Agree,Agree,Agree,Agree,Agree,Agree,Agree,Agree,Agree,Agree,Agree,Agree,Agree,Agree
Lp vilas dehradun ,Dehradun ,India ,Strongly Agree,Strongly Agree,Strongly Agree,Strongly Agree,Strongly Agree,Strongly agree,Strongly agree,Strongly agree,Strongly agree,Strongly agree,Strongly agree,Strongly agree,Strongly agree,Strongly agree
Lp vilas,Dehradun ,Indian ,Strongly Agree,Strongly Agree,Agree,Strongly Agree,Strongly Agree,Strongly agree,Strongly agree,Strongly agree,Strongly agree,Strongly agree,Strongly agree,Strongly agree,Strongly agree,Strongly agree
L P vilas dehradun  ,Dehradun,India,Neutral,Neutral,Neutral,Neutral,Neutral,Neutral,Neutral,Neutral,Neutral,Neutral,Neutral,Neutral,Neutral,Neutral
J,Dehradun ,India ,Neutral,Neutral,Neutral,Neutral,Neutral,Neutral,Neutral,Neutral,Neutral,Neutral,Neutral,Neutral,Neutral,Neutral
L P Vilas ,Dehradun ,India,Agree,Agree,Agree,Agree,Agree,Agree,Agree,Agree,Agree,Agree,Agree,Agree,Agree,Agree
LP VILAS DEHRADUN,Dehradun,India,Strongly Agree,Strongly Agree,Strongly Agree,Strongly Agree,Strongly Agree,Strongly agree,Strongly agree,Strongly agree,Strongly agree,Strongly agree,Strongly agree,Strongly agree,Neutral,Agree
LP Vilas dehradun ,Uttranchal university dehradun ,Dehradun ,Neutral,Neutral,Neutral,Neutral,Neutral,Neutral,Neutral,Neutral,Neutral,Neutral,Neutral,Neutral,Neutral,Neutral
L.P VILAS DEHRADUN,DEHRADUN,INDIA,Neutral,Neutral,Neutral,Neutral,Neutral,Neutral,Neutral,Neutral,Neutral,Neutral,Neutral,Neutral,Neutral,Neutral
L P Vilas Dehradun,Dehradun,India,Strongly Agree,Strongly Agree,Strongly Agree,Strongly Agree,Strongly Agree,Strongly agree,Strongly agree,Strongly agree,Strongly agree,Strongly agree,Strongly agree,Strongly agree,Strongly agree,Strongly agree
L P VILAS DEHRADUN,Dehradun,India,Neutral,Neutral,Neutral,Neutral,Neutral,Neutral,Neutral,Neutral,Neutral,Neutral,Neutral,Neutral,Neutral,Neutral
L P Villas,Dehradun,India,Neutral,Agree,Agree,Agree,Agree,Neutral,Agree,Agree,Agree,Neutral,Agree,Agree,Agree,Agree
Lp vilas dehradun,Dehradun,India,Strongly Agree,Strongly Agree,Agree,Strongly Agree,Agree,Agree,Strongly agree,Strongly agree,Strongly agree,Strongly agree,Agree,Agree,Strongly agree,Strongly agree
Lp villas,Dehradun ,India ,Agree,Agree,Agree,Agree,Agree,Agree,Agree,Agree,Agree,Agree,Agree,Agree,Agree,Agree
LP villas,dehradun ,India,Strongly Agree,Agree,Agree,Agree,Agree,Agree,Agree,Agree,Agree,Agree,Neutral,Agree,Agree,Agree
L P Vilas dehradun ,Dehradun ,India,Neutral,Neutral,Neutral,Neutral,Neutral,Neutral,Neutral,Neutral,Neutral,Neutral,Neutral,Neutral,Neutral,Neutral
LP Vilas dehradun ,dehradun ,India,Strongly Agree,Strongly Agree,Strongly Agree,Strongly Agree,Strongly Agree,Strongly agree,Strongly agree,Strongly agree,Strongly agree,Strongly agree,Disagree,Strongly agree,Strongly agree,Strongly agree
LP Vilas Dehradun ,Dehradun ,India,Strongly Disagree,Neutral,Strongly Disagree,Strongly Disagree,Neutral,Strongly Disagree,Neutral,Strongly Disagree,Neutral,Strongly Disagree,Neutral,Strongly Disagree,Strongly Disagree,Neutral
Lp vias dehradun ,Nanda ke chauki ,India,Agree,Agree,Agree,Agree,Agree,Agree,Agree,Agree,Agree,Agree,Agree,Agree,Agree,Agree
LP Vilas Dehradun ,Dehradun ,India ,Neutral,Disagree,Neutral,Disagree,Neutral,Neutral,Neutral,Neutral,Neutral,Disagree,Neutral,Neutral,Disagree,Neutral
LP villas dehradun ,Dehradun,India,Strongly Agree,Agree,Agree,Strongly Agree,Agree,Agree,Agree,Agree,Agree,Agree,Agree,Agree,Agree,Strongly agree
L P Vilas ,Dehradun,India,Neutral,Agree,Disagree,Agree,Neutral,Agree,Agree,Neutral,Neutral,Agree,Strongly Disagree,Neutral,Neutral,Agree
Lp vilas,Dehradun,Uttrakhand,Agree,Neutral,Neutral,Neutral,Neutral,Neutral,Neutral,Neutral,Neutral,Neutral,Neutral,Neutral,Neutral,Neutral
LP vilas,Suddhowala ,Dehradun ,Strongly Agree,Strongly Agree,Strongly Agree,Strongly Agree,Strongly Agree,Strongly agree,Strongly agree,Strongly agree,Strongly agree,Strongly agree,Strongly agree,Strongly agree,Agree,Strongly agree
LP Vilas ,Dehradun ,India ,Agree,Agree,Agree,Agree,Agree,Agree,Agree,Agree,Agree,Agree,Agree,Agree,Agree,Agree
L P Vilas ,Dehradun ,India,Strongly Agree,Strongly Agree,Agree,Agree,Agree,Agree,Agree,Agree,Agree,Agree,Agree,Agree,Agree,Agree
L P Vilas dehradun ,Dehradun ,India,Neutral,Agree,Disagree,Agree,Disagree,Neutral,Neutral,Agree,Disagree,Agree,Neutral,Neutral,Agree,Agree
LP vilas,Dehradun ,India,Neutral,Neutral,Neutral,Neutral,Neutral,Neutral,Neutral,Neutral,Neutral,Neutral,Neutral,Neutral,Neutral,Neutral
H block,Deoband sharanpur uttarpradesh,India,Strongly Agree,Agree,Strongly Agree,Strongly Agree,Strongly Agree,Strongly agree,Strongly agree,Strongly agree,Strongly agree,Strongly agree,Strongly agree,Strongly agree,Strongly agree,Strongly agree
LP Vilas Dehradun ,Dehradun ,Indian ,Neutral,Agree,Agree,Agree,Agree,Agree,Agree,Agree,Agree,Neutral,Neutral,Neutral,Neutral,Agree
L P Vilas Dehradun ,Dehradun ,India,Strongly Agree,Agree,Neutral,Agree,Agree,Neutral,Disagree,Disagree,Strongly Disagree,Disagree,Strongly Disagree,Agree,Strongly agree,Agree
LP Vilas Dehradun ,Dehradun ,India,Strongly Agree,Strongly Agree,Strongly Agree,Strongly Agree,Strongly Agree,Strongly agree,Strongly agree,Strongly agree,Strongly agree,Strongly agree,Strongly agree,Strongly agree,Strongly agree,Strongly agree
Maharana Partap Boys Hostal,Bihar,India,Agree,Neutral,Agree,Neutral,Neutral,Agree,Agree,Neutral,Neutral,Neutral,Disagree,Neutral,Neutral,Agree
L P Vilas dehradun ,Dehradun ,India ,Disagree,Disagree,Disagree,Disagree,Disagree,Disagree,Disagree,Disagree,Disagree,Disagree,Disagree,Disagree,Disagree,Disagree
LP Vilas Dehradun,Dehradun,India,Neutral,Neutral,Agree,Agree,Agree,Neutral,Agree,Strongly agree,Strongly agree,Agree,Strongly agree,Agree,Neutral,Agree
LP Vilas dehradun ,Dehradun ,India,Agree,Agree,Agree,Agree,Agree,Agree,Agree,Agree,Agree,Agree,Agree,Agree,Agree,Agree
LP Vilas Dehradun ,Dehradun ,India,Agree,Agree,Agree,Agree,Neutral,Strongly agree,Agree,Neutral,Agree,Agree,Agree,Agree,Agree,Agree
L P Vilas Dehradun ,Dehradun ,India,Agree,Agree,Agree,Agree,Neutral,Agree,Agree,Neutral,Neutral,Agree,Neutral,Neutral,Neutral,Agree
LP Vilas dehradoon ,Dehradoon ,India ,Agree,Agree,Agree,Agree,Agree,Agree,Agree,Agree,Agree,Agree,Agree,Agree,Agree,Agree
L P Villas ,Dehradun ,India,Strongly Agree,Agree,Neutral,Strongly Agree,Agree,Agree,Agree,Strongly agree,Strongly agree,Strongly agree,Strongly agree,Strongly agree,Agree,Strongly agree
Hotel LP vilas dehradun,Dehradun,India,Agree,Agree,Agree,Agree,Agree,Agree,Agree,Agree,Agree,Agree,Agree,Agree,Agree,Agree
LP villas,dehradun ,india,Agree,Agree,Strongly Agree,Agree,Agree,Agree,Agree,Agree,Agree,Agree,Agree,Agree,Agree,Agree
"LP Vilas, Dehradun ",Dehradun ,India,Agree,Agree,Neutral,Neutral,Agree,Neutral,Agree,Neutral,Agree,Neutral,Agree,Neutral,Agree,Neutral
